<?xml version="1.0" encoding="UTF-8"?>
<root>
  <item name="com.bytedance.sdk.openadsdk.AdSlot.Builder com.bytedance.sdk.openadsdk.AdSlot.Builder setNativeAdType(int) 0">
    <annotation name="android.support.annotation.IntDef">
      <val name="value" val="{com.bytedance.sdk.openadsdk.AdSlot.TYPE_BANNER, com.bytedance.sdk.openadsdk.AdSlot.TYPE_INTERACTION_AD}" />
    </annotation>
  </item>
  <item name="com.bytedance.sdk.openadsdk.AdSlot.Builder com.bytedance.sdk.openadsdk.AdSlot.Builder setOrientation(int) 0">
    <annotation name="android.support.annotation.IntDef">
      <val name="value" val="{com.bytedance.sdk.openadsdk.TTAdConstant.VERTICAL, com.bytedance.sdk.openadsdk.TTAdConstant.HORIZONTAL}" />
    </annotation>
  </item>
  <item name="com.bytedance.sdk.openadsdk.TTAdConstant.NATIVE_AD_TYPE">
    <annotation name="android.support.annotation.IntDef">
      <val name="value" val="{com.bytedance.sdk.openadsdk.AdSlot.TYPE_BANNER, com.bytedance.sdk.openadsdk.AdSlot.TYPE_INTERACTION_AD}" />
    </annotation>
  </item>
  <item name="com.bytedance.sdk.openadsdk.TTAdConstant.NETWORK_STATE">
    <annotation name="android.support.annotation.IntDef">
      <val name="value" val="{com.bytedance.sdk.openadsdk.TTAdConstant.NETWORK_STATE_WIFI, com.bytedance.sdk.openadsdk.TTAdConstant.NETWORK_STATE_4G, com.bytedance.sdk.openadsdk.TTAdConstant.NETWORK_STATE_3G, com.bytedance.sdk.openadsdk.TTAdConstant.NETWORK_STATE_2G, com.bytedance.sdk.openadsdk.TTAdConstant.NETWORK_STATE_MOBILE}" />
    </annotation>
  </item>
  <item name="com.bytedance.sdk.openadsdk.TTAdConstant.ORIENTATION_STATE">
    <annotation name="android.support.annotation.IntDef">
      <val name="value" val="{com.bytedance.sdk.openadsdk.TTAdConstant.VERTICAL, com.bytedance.sdk.openadsdk.TTAdConstant.HORIZONTAL}" />
    </annotation>
  </item>
  <item name="com.bytedance.sdk.openadsdk.TTAdConstant.TITLE_BAR_THEME">
    <annotation name="android.support.annotation.IntDef">
      <val name="value" val="{com.bytedance.sdk.openadsdk.TTAdConstant.TITLE_BAR_THEME_LIGHT, com.bytedance.sdk.openadsdk.TTAdConstant.TITLE_BAR_THEME_DARK, com.bytedance.sdk.openadsdk.TTAdConstant.TITLE_BAR_THEME_NO_TITLE_BAR}" />
    </annotation>
  </item>
  <item name="com.bytedance.sdk.openadsdk.TTAdConstant.USER_GENDER">
    <annotation name="android.support.annotation.IntDef">
      <val name="value" val="{com.bytedance.sdk.openadsdk.TTAdConstant.GENDER_UNKNOWN, com.bytedance.sdk.openadsdk.TTAdConstant.GENDER_MALE, com.bytedance.sdk.openadsdk.TTAdConstant.GENDER_FEMALE}" />
    </annotation>
  </item>
  <item name="com.bytedance.sdk.openadsdk.TTAdManager com.bytedance.sdk.openadsdk.TTAdManager setDirectDownloadNetworkType(int...) 0">
    <annotation name="android.support.annotation.IntDef">
      <val name="value" val="{com.bytedance.sdk.openadsdk.TTAdConstant.NETWORK_STATE_WIFI, com.bytedance.sdk.openadsdk.TTAdConstant.NETWORK_STATE_4G, com.bytedance.sdk.openadsdk.TTAdConstant.NETWORK_STATE_3G, com.bytedance.sdk.openadsdk.TTAdConstant.NETWORK_STATE_2G, com.bytedance.sdk.openadsdk.TTAdConstant.NETWORK_STATE_MOBILE}" />
    </annotation>
  </item>
  <item name="com.bytedance.sdk.openadsdk.TTAdManager com.bytedance.sdk.openadsdk.TTAdManager setGender(int) 0">
    <annotation name="android.support.annotation.IntDef">
      <val name="value" val="{com.bytedance.sdk.openadsdk.TTAdConstant.GENDER_UNKNOWN, com.bytedance.sdk.openadsdk.TTAdConstant.GENDER_MALE, com.bytedance.sdk.openadsdk.TTAdConstant.GENDER_FEMALE}" />
    </annotation>
  </item>
  <item name="com.bytedance.sdk.openadsdk.TTAdManager com.bytedance.sdk.openadsdk.TTAdManager setTitleBarTheme(int) 0">
    <annotation name="android.support.annotation.IntDef">
      <val name="value" val="{com.bytedance.sdk.openadsdk.TTAdConstant.TITLE_BAR_THEME_LIGHT, com.bytedance.sdk.openadsdk.TTAdConstant.TITLE_BAR_THEME_DARK, com.bytedance.sdk.openadsdk.TTAdConstant.TITLE_BAR_THEME_NO_TITLE_BAR}" />
    </annotation>
  </item>
</root>

