<?xml version="1.0" encoding="UTF-8"?>
<root>
  <item name="com.bytedance.sdk.openadsdk.downloadnew.downlib.DMLibManager void addOnEventLogHandler(int, com.bytedance.sdk.openadsdk.downloadnew.core.ITTDownloadAdapter.OnEventLogHandler) 0">
    <annotation name="android.support.annotation.IntDef">
      <val name="value" val="{com.bytedance.sdk.openadsdk.downloadnew.downlib.config.LibLogType.TYPE_BASE_VIDEO_ACTIVITY, com.bytedance.sdk.openadsdk.downloadnew.downlib.config.LibLogType.TYPE_NATIVE_VIDEO_LAYOUT, com.bytedance.sdk.openadsdk.downloadnew.downlib.config.LibLogType.TYPE_JS_DOWNLOAD}" />
    </annotation>
  </item>
  <item name="com.bytedance.sdk.openadsdk.downloadnew.downlib.LibHolder void addLogHandler(int, com.bytedance.sdk.openadsdk.downloadnew.core.ITTDownloadAdapter.OnEventLogHandler) 0">
    <annotation name="android.support.annotation.IntDef">
      <val name="value" val="{com.bytedance.sdk.openadsdk.downloadnew.downlib.config.LibLogType.TYPE_BASE_VIDEO_ACTIVITY, com.bytedance.sdk.openadsdk.downloadnew.downlib.config.LibLogType.TYPE_NATIVE_VIDEO_LAYOUT, com.bytedance.sdk.openadsdk.downloadnew.downlib.config.LibLogType.TYPE_JS_DOWNLOAD}" />
    </annotation>
  </item>
</root>

