<?xml version="1.0" encoding="UTF-8"?>
<root>
  <item name="com.bytedance.sdk.openadsdk.core.GlobalInfo int getTitleBarTheme()">
    <annotation name="android.support.annotation.IntDef">
      <val name="value" val="{com.bytedance.sdk.openadsdk.TTAdConstant.TITLE_BAR_THEME_LIGHT, com.bytedance.sdk.openadsdk.TTAdConstant.TITLE_BAR_THEME_DARK, com.bytedance.sdk.openadsdk.TTAdConstant.TITLE_BAR_THEME_NO_TITLE_BAR}" />
    </annotation>
  </item>
  <item name="com.bytedance.sdk.openadsdk.core.GlobalInfo void setTitleBarTheme(int) 0">
    <annotation name="android.support.annotation.IntDef">
      <val name="value" val="{com.bytedance.sdk.openadsdk.TTAdConstant.TITLE_BAR_THEME_LIGHT, com.bytedance.sdk.openadsdk.TTAdConstant.TITLE_BAR_THEME_DARK, com.bytedance.sdk.openadsdk.TTAdConstant.TITLE_BAR_THEME_NO_TITLE_BAR}" />
    </annotation>
  </item>
  <item name="com.bytedance.sdk.openadsdk.core.TTAdManagerImpl com.bytedance.sdk.openadsdk.TTAdManager setTitleBarTheme(int) 0">
    <annotation name="android.support.annotation.IntDef">
      <val name="value" val="{com.bytedance.sdk.openadsdk.TTAdConstant.TITLE_BAR_THEME_LIGHT, com.bytedance.sdk.openadsdk.TTAdConstant.TITLE_BAR_THEME_DARK, com.bytedance.sdk.openadsdk.TTAdConstant.TITLE_BAR_THEME_NO_TITLE_BAR}" />
    </annotation>
  </item>
</root>

